{
	"info": {
		"_postman_id": "68042aea-b5f0-42fc-8561-79f46bc59de5",
		"name": "HTTP Assignment postman collection",
		"schema": "https://schema.getpostman.com/json/collection/v2.1.0/collection.json",
		"_exporter_id": "29176171"
	},
	"item": [
		{
			"name": "1)Get google sheet data",
			"request": {
				"method": "GET",
				"header": [],
				"url": {
					"raw": "https://sheets.googleapis.com/v4/spreadsheets/1enNZFe0sr_mm-7oCc0sHr0C4jVngYLXtFyfVyzVuVS8/values/A1:Z?key=AIzaSyBeteEVxCzt7upxpk59_lPSmgCVM1-6fsQ",
					"protocol": "https",
					"host": [
						"sheets",
						"googleapis",
						"com"
					],
					"path": [
						"v4",
						"spreadsheets",
						"1enNZFe0sr_mm-7oCc0sHr0C4jVngYLXtFyfVyzVuVS8",
						"values",
						"A1:Z"
					],
					"query": [
						{
							"key": "key",
							"value": "AIzaSyBeteEVxCzt7upxpk59_lPSmgCVM1-6fsQ"
						}
					]
				}
			},
			"response": []
		},
		{
			"name": "3)Http error 500 - mock",
			"request": {
				"method": "GET",
				"header": [],
				"url": {
					"raw": "https://44f66088-731c-4f95-8079-21db0db841dc.mock.pstmn.io/http_500",
					"protocol": "https",
					"host": [
						"44f66088-731c-4f95-8079-21db0db841dc",
						"mock",
						"pstmn",
						"io"
					],
					"path": [
						"http_500"
					]
				}
			},
			"response": [
				{
					"name": "3)Http error 500 - mock",
					"originalRequest": {
						"method": "GET",
						"header": [],
						"url": {
							"raw": "https://44f66088-731c-4f95-8079-21db0db841dc.mock.pstmn.io/http_500",
							"protocol": "https",
							"host": [
								"44f66088-731c-4f95-8079-21db0db841dc",
								"mock",
								"pstmn",
								"io"
							],
							"path": [
								"http_500"
							]
						}
					},
					"status": "Internal Server Error",
					"code": 500,
					"_postman_previewlanguage": "json",
					"header": [
						{
							"key": "Content-Type",
							"value": "application/json",
							"description": "",
							"type": "text"
						}
					],
					"cookie": [],
					"body": "{\n  \"status\": 500,\n  \"error\": \"Internal Server Error\"\n}\n"
				}
			]
		},
		{
			"name": "4)Http error 401 - mock",
			"request": {
				"method": "GET",
				"header": [],
				"url": {
					"raw": "https://44f66088-731c-4f95-8079-21db0db841dc.mock.pstmn.io/http_401",
					"protocol": "https",
					"host": [
						"44f66088-731c-4f95-8079-21db0db841dc",
						"mock",
						"pstmn",
						"io"
					],
					"path": [
						"http_401"
					]
				}
			},
			"response": [
				{
					"name": "4)Http error 401 - mock",
					"originalRequest": {
						"method": "GET",
						"header": [],
						"url": {
							"raw": "https://44f66088-731c-4f95-8079-21db0db841dc.mock.pstmn.io/http_401",
							"protocol": "https",
							"host": [
								"44f66088-731c-4f95-8079-21db0db841dc",
								"mock",
								"pstmn",
								"io"
							],
							"path": [
								"http_401"
							]
						}
					},
					"status": "Unauthorized",
					"code": 401,
					"_postman_previewlanguage": "json",
					"header": [
						{
							"key": "Content-Type",
							"value": "application/json",
							"description": "",
							"type": "text"
						}
					],
					"cookie": [],
					"body": "{\n    \"status\": 401,\n    \"error\": \"Unauthorized\",\n    \"message\": \"Authentication is required and has failed or has not yet been provided.\",\n    \"timestamp\": \"2024-11-19T12:00:00Z\",\n    \"path\": \"/example-endpoint\"\n}"
				}
			]
		},
		{
			"name": "5)Post with object as body and get 201 response",
			"request": {
				"method": "POST",
				"header": [],
				"body": {
					"mode": "raw",
					"raw": "{\n  \"status\": 201,\n  \"name\": \"roger_federer\"\n}",
					"options": {
						"raw": {
							"language": "json"
						}
					}
				},
				"url": {
					"raw": "https://44f66088-731c-4f95-8079-21db0db841dc.mock.pstmn.io/http_post_201",
					"protocol": "https",
					"host": [
						"44f66088-731c-4f95-8079-21db0db841dc",
						"mock",
						"pstmn",
						"io"
					],
					"path": [
						"http_post_201"
					]
				}
			},
			"response": [
				{
					"name": "5)Post with object as body and get 201 response",
					"originalRequest": {
						"method": "POST",
						"header": [
							{
								"key": "Content-Type",
								"value": "application/json",
								"type": "text"
							}
						],
						"body": {
							"mode": "raw",
							"raw": "{\n  \"status\": 201,\n  \"name\": \"roger_federer\"\n}\n",
							"options": {
								"raw": {
									"language": "json"
								}
							}
						},
						"url": {
							"raw": "https://44f66088-731c-4f95-8079-21db0db841dc.mock.pstmn.io/http_post_201",
							"protocol": "https",
							"host": [
								"44f66088-731c-4f95-8079-21db0db841dc",
								"mock",
								"pstmn",
								"io"
							],
							"path": [
								"http_post_201"
							]
						}
					},
					"status": "Created",
					"code": 201,
					"_postman_previewlanguage": "json",
					"header": [
						{
							"key": "Content-Type",
							"value": "application/json",
							"description": "",
							"type": "text"
						}
					],
					"cookie": [],
					"body": "{\n    \"status\": 201,\n    \"message\": \"Resource created successfully.\"\n}"
				}
			]
		},
		{
			"name": "6)Put request with file as body, header and response status code 200",
			"request": {
				"method": "PUT",
				"header": [],
				"body": {
					"mode": "formdata",
					"formdata": [
						{
							"key": "file",
							"type": "file",
							"src": "/Users/saiganesh.m/Desktop/file.json"
						}
					]
				},
				"url": {
					"raw": "https://44f66088-731c-4f95-8079-21db0db841dc.mock.pstmn.io/http_file_200",
					"protocol": "https",
					"host": [
						"44f66088-731c-4f95-8079-21db0db841dc",
						"mock",
						"pstmn",
						"io"
					],
					"path": [
						"http_file_200"
					]
				}
			},
			"response": [
				{
					"name": "6)Put request with file as body, header and response status code 200",
					"originalRequest": {
						"method": "PUT",
						"header": [
							{
								"key": "Content-Type",
								"value": "application/json",
								"type": "text"
							}
						],
						"body": {
							"mode": "formdata",
							"formdata": [
								{
									"key": "file",
									"type": "file",
									"src": "/Users/saiganesh.m/Desktop/file.json"
								}
							],
							"options": {
								"raw": {
									"language": "json"
								}
							}
						},
						"url": {
							"raw": "https://44f66088-731c-4f95-8079-21db0db841dc.mock.pstmn.io/http_file_200",
							"protocol": "https",
							"host": [
								"44f66088-731c-4f95-8079-21db0db841dc",
								"mock",
								"pstmn",
								"io"
							],
							"path": [
								"http_file_200"
							]
						}
					},
					"status": "OK",
					"code": 200,
					"_postman_previewlanguage": "json",
					"header": [
						{
							"key": "Content-Type",
							"value": "application/json",
							"description": "",
							"type": "text"
						}
					],
					"cookie": [],
					"body": "{\n    \"message\": \"success\"\n}"
				}
			]
		},
		{
			"name": "7)cors with mock server",
			"request": {
				"method": "GET",
				"header": [
					{
						"key": "Origin",
						"value": "http://localhost:3000",
						"type": "text"
					}
				],
				"url": {
					"raw": "https://44f66088-731c-4f95-8079-21db0db841dc.mock.pstmn.io/cors_http",
					"protocol": "https",
					"host": [
						"44f66088-731c-4f95-8079-21db0db841dc",
						"mock",
						"pstmn",
						"io"
					],
					"path": [
						"cors_http"
					]
				}
			},
			"response": [
				{
					"name": "7)cors with mock server",
					"originalRequest": {
						"method": "GET",
						"header": [],
						"url": {
							"raw": "https://44f66088-731c-4f95-8079-21db0db841dc.mock.pstmn.io/cors_http",
							"protocol": "https",
							"host": [
								"44f66088-731c-4f95-8079-21db0db841dc",
								"mock",
								"pstmn",
								"io"
							],
							"path": [
								"cors_http"
							]
						}
					},
					"status": "OK",
					"code": 200,
					"_postman_previewlanguage": "json",
					"header": [
						{
							"key": "Access-Control-Allow-Origin",
							"value": "*",
							"description": "",
							"type": "text"
						},
						{
							"key": "Access-Control-Allow-Methods",
							"value": "GET, POST, PUT, DELETE, OPTIONS",
							"description": "",
							"type": "text"
						},
						{
							"key": "Access-Control-Allow-Headers",
							"value": "Content-Type, Authorization",
							"description": "",
							"type": "text"
						},
						{
							"key": "Content-Type",
							"value": "application/json",
							"description": "",
							"type": "text"
						}
					],
					"cookie": [],
					"body": "{\n    \"message\": \"cors simulation success\"\n}"
				}
			]
		},
		{
			"name": "8)Get bearer token and cookie as response",
			"event": [
				{
					"listen": "test",
					"script": {
						"exec": [
							"// Parse the JSON response",
							"let jsonData = pm.response.json();",
							"// Extract the token from the response and store it in an environment variable",
							"pm.environment.set(\"authToken\", jsonData.token);",
							""
						],
						"type": "text/javascript",
						"packages": {}
					}
				}
			],
			"request": {
				"method": "POST",
				"header": [
					{
						"key": "username",
						"value": "raina",
						"type": "text"
					},
					{
						"key": "password",
						"value": "cskchampion",
						"type": "text"
					}
				],
				"body": {
					"mode": "raw",
					"raw": "",
					"options": {
						"raw": {
							"language": "json"
						}
					}
				},
				"url": {
					"raw": "https://44f66088-731c-4f95-8079-21db0db841dc.mock.pstmn.io/http_sendcookie",
					"protocol": "https",
					"host": [
						"44f66088-731c-4f95-8079-21db0db841dc",
						"mock",
						"pstmn",
						"io"
					],
					"path": [
						"http_sendcookie"
					]
				}
			},
			"response": [
				{
					"name": "8)Get bearer token and cookie as response",
					"originalRequest": {
						"method": "POST",
						"header": [
							{
								"key": "Set-Cookie",
								"value": "sessionId=abc123; HttpOnly; Secure",
								"type": "text"
							}
						],
						"url": {
							"raw": "https://44f66088-731c-4f95-8079-21db0db841dc.mock.pstmn.io/http_sendcookie",
							"protocol": "https",
							"host": [
								"44f66088-731c-4f95-8079-21db0db841dc",
								"mock",
								"pstmn",
								"io"
							],
							"path": [
								"http_sendcookie"
							]
						}
					},
					"status": "OK",
					"code": 200,
					"_postman_previewlanguage": "json",
					"header": [
						{
							"key": "Content-Type",
							"value": "application/json",
							"description": "",
							"type": "text"
						}
					],
					"cookie": [],
					"body": "{\n    \"message\": \"Authentication successful\",\n    \"token\": \"mock-bearer-token-123\"\n}"
				}
			]
		},
		{
			"name": "get request token for google calender api",
			"request": {
				"auth": {
					"type": "oauth2",
					"oauth2": [
						{
							"key": "useBrowser",
							"value": true,
							"type": "boolean"
						},
						{
							"key": "scope",
							"value": "https://www.googleapis.com/auth/calendar",
							"type": "string"
						},
						{
							"key": "clientSecret",
							"value": "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",
							"type": "string"
						},
						{
							"key": "clientId",
							"value": "336257041938-tsr4herkdigmniibo1o1s9hihk7n1rra.apps.googleusercontent.com",
							"type": "string"
						},
						{
							"key": "redirect_uri",
							"value": "https://oauth.pstmn.io/v1/callback",
							"type": "string"
						},
						{
							"key": "accessTokenUrl",
							"value": "https://oauth2.googleapis.com/token",
							"type": "string"
						},
						{
							"key": "authUrl",
							"value": "https://accounts.google.com/o/oauth2/v2/auth",
							"type": "string"
						},
						{
							"key": "tokenName",
							"value": "Google Calendar OAuth",
							"type": "string"
						},
						{
							"key": "addTokenTo",
							"value": "header",
							"type": "string"
						}
					]
				},
				"method": "GET",
				"header": []
			},
			"response": []
		},
		{
			"name": "2)Get google calender event info",
			"request": {
				"method": "GET",
				"header": [
					{
						"key": "Authorization",
						"value": "Bearer ya29.a0AfH6SMCA4szsX2zT_9XgJ-Rg5NYe_KZnVq...-zCvKRe9djHg",
						"type": "text"
					}
				],
				"url": {
					"raw": "https://www.googleapis.com/calendar/v3/calendars/primary/events",
					"protocol": "https",
					"host": [
						"www",
						"googleapis",
						"com"
					],
					"path": [
						"calendar",
						"v3",
						"calendars",
						"primary",
						"events"
					]
				}
			},
			"response": []
		}
	]
}